,text,id,user,created_at
0,"運動会なう✨
天気良すぎて干からびる😫

#運動会
#快晴 https://t.co/32nOSK3etv",1576031930474455040,sakuraich21,Sat Oct 01 02:11:08 +0000 2022
1,"観葉植物🪴

ガチャガチャした玄関ですが
最近は枯らすこともなく
観葉植物が元気に育ってくれています♪

玄関に緑があるとなんだか家に帰ってきた時に癒されますね✨

下のちびっ子も感化されたのか
自分の机に観葉植物を置いて🪴
大事… https://t.co/Voh03vr107",1548500714812772353,sakuraich21,Sun Jul 17 02:51:54 +0000 2022
2,"スイカ🍉

とうもろこし🌽に続いて
スイカ🍉！

祖母が孫のために畑で育てたスイカが立派に育ちました😳

冷やして食べよう😄

#夏
#畑で育てたスイカ
#スイカ https://t.co/7ubfwFygAY",1547812646954876928,sakuraich21,Fri Jul 15 05:17:46 +0000 2022
3,"平等なもの

私たちにとって唯一平等なこと

1日の時間
必ず死んでしまうこと

どちらをとってもお金持ちだろうが貴族だろうが貧乏だろうが犯罪者だろうが満遍なく平等

私はその平等な時間を大事に価値ある時間として使えてるのかな…… https://t.co/fxtWjI2uhf",1546841544782921729,sakuraich21,Tue Jul 12 12:58:57 +0000 2022
4,@saka_mercari 羽化しましたよ〜😄,1546456676794257408,sakuraich21,Mon Jul 11 11:29:38 +0000 2022
5,"セミが‼︎‼︎

羽化しました😳

綺麗だなー✨

やっと飛び立てるんだね✨

トマトの茎が重みでしなってるのが心配😂
落ちないと良いけど🤔

子供たちも大興奮！

少し早いけど夏休みの作文に書けそうだ😄 https://t.co/XYXoMqdwtP",1546450901002764288,sakuraich21,Mon Jul 11 11:06:41 +0000 2022
6,"貴重なセミ！

脱皮前の蝉が道を歩いてたみたいで下のちびっ子が捕まえて家に持って帰ってきた😳

可哀想なので家のトマト🍅とコラボさせてあげました😄

触らず見守りたいと思います😄

#セミ
#蝉
#夏
#脱皮前 https://t.co/PjZBjnzTrh",1546410741053652992,sakuraich21,Mon Jul 11 08:27:06 +0000 2022
7,"おすすめ！

おにぎりにものすごく合います！

中々しょうゆ味を見かけませんが見かけた際は一度ご賞味あれ😳

ほんのりしょうゆ味に混ぜわかめがなんとも合う✨

他の味はどこにでも売ってますが、しょうゆ味が中々無い🤔
見かけた時は爆… https://t.co/Oakv6p83zq",1546058498857140224,sakuraich21,Sun Jul 10 09:07:25 +0000 2022
8,"とうもろこし🌽

祖父母が孫の為に畑で育てたトウモロコシ🌽

立派に育ちました✨

帰って茹でて食べます😊

#とうもろこし
#畑
#甘い https://t.co/DmZlK5l04g",1543424306239406080,sakuraich21,Sun Jul 03 02:40:04 +0000 2022
9,@Minecra01218243 咲くのが早くてもう枯れてしまいました😂,1543204593701896192,sakuraich21,Sat Jul 02 12:07:01 +0000 2022
10,"モネの向日葵🌻

皆様、またまたお久しぶりでございます😂

もう、毎日がバタバタで怒涛の日々を過ごしております💦
熱中症など大丈夫でしょうか？

今日、花屋さんに行くとモネの向日葵を発見🌻✨

本当はゴッホの向日葵が欲しかったのだ… https://t.co/kPCHz4CQA5",1543204174498009090,sakuraich21,Sat Jul 02 12:05:21 +0000 2022
11,"ミニひまわり🌻

満開です🌻

夏がきたー！って感じです😊 https://t.co/xQYwmY2flD",1535148273635573760,sakuraich21,Fri Jun 10 06:34:04 +0000 2022
12,"安井金比羅宮✨

仕事を休んできてしまった😐

何度もお世話になっている

悪縁を切って良縁を結んでくれる有名な神社で全国各地から参拝に✨
平日だと言うのに悪縁切り石をくぐるのに1時間半並びました😢

途中道間違えて違うお寺に入っ… https://t.co/D38PsFrylJ",1535131642867896320,sakuraich21,Fri Jun 10 05:27:59 +0000 2022
13,"花

上の子が母の日に
お花を買ってくれたので
それに合わせて一輪挿しの花瓶を買ったのだけど、あまり活用せず😢

下の子が雑草を抜いてきては
そこに飾ってくれるので

花を買ってきました😊

名前は…忘れました笑

最近よく花屋さ… https://t.co/NIVY6ZyKjB",1534885677921251328,sakuraich21,Thu Jun 09 13:10:37 +0000 2022
14,"ほとんど人がいなかったので

ミスドに入店したのに😂
入店してからすぐにどんどん人が増えて満席に🙄

コーヒーのおかわりしたかったのにバタバタしてて声掛けづらくて…

あぁ、失敗😢

ドーナツに口の水分ほとんどもってかれたー🙄",1534791651335745537,sakuraich21,Thu Jun 09 06:56:59 +0000 2022
15,"かなり遅めの休憩

休憩のタイミングを完全に逃してしまい
気づけばこんな時間😂

そんなにゆっくりも出来ない時間…
ヘトヘト( ；∀；)

早めに帰って買い物して
今日はちびっ子のリクエストの
シチューです(°▽°)

ゆっくりし… https://t.co/mxN1ruqvmi",1534787974973759488,sakuraich21,Thu Jun 09 06:42:22 +0000 2022
16,"ドリンクボトル😊

欲しかったドリンクボトルをゲットしてきました♪

コーヒーだったり
お茶だったり
ジュースだったり🍹

楽しみだな〜✨

オシャレだし牛乳パックの形も可愛い😍
ちなみに3coinsに売ってるので気になった方は是… https://t.co/nyAglSWs1u",1534108644752916481,sakuraich21,Tue Jun 07 09:42:57 +0000 2022
17,"@MurasakiMc むらさきさん、
気にかけて下さりありがとうございます😊そのお心遣いで癒されます😊

天気が悪いのも困りますが晴れすぎるのも暑すぎて困りますね💦笑
ないものねだりです😂
早く復活する様に頑張ります！",1534019688145260544,sakuraich21,Tue Jun 07 03:49:29 +0000 2022
18,"お久しぶりです。

ここ最近は忙しいのと体調不良のダブルパンチで中々投稿出来ず😭

今日はもう夏日ですね😊

先日、コーナンで買ったフラワースタンドを設置✨

ちびっ子が何やら雑草を植えておりますが、外にバラバラに置いてあった植物… https://t.co/5cpOlOd8oK",1534015359074078720,sakuraich21,Tue Jun 07 03:32:16 +0000 2022
19,"久々に散策✨

モナカアイスに
3色アイス
冷やしあめに
冷やしコーヒー

守口にある昔ながらのお店✨

モナカはサクサクで本当に美味しかった♡
また来ます😃 https://t.co/Iz588If2i0",1532954549950226433,sakuraich21,Sat Jun 04 05:17:00 +0000 2022
20,"@YQAu24sxxjCgKET 遠足、雨が降らずに思い切り楽しめたみたいです😃
コロナ禍で保育園等のイベントがことごとく無くなってたので実に2年近くぶりで帰ってきた時も興奮気味でした♪
卵焼きは食べれるシールとなるものが売ってい… https://t.co/w7n6ZbdyFH",1530004827501383680,sakuraich21,Fri May 27 01:55:51 +0000 2022
21,"遠足！！

今日は下のチビが待ちに待った遠足！
天気予報だと午後から雨☔️

なんとか、なんとか天気もって欲しい😢

お弁当も🍙リクエストのおかずばっかり✨
いっぱい楽しんできてね✨

今は晴れに近い曇り☁️
暑すぎずいい感じ😃 https://t.co/yKhgCrpCNa",1529631780646846464,sakuraich21,Thu May 26 01:13:30 +0000 2022
22,"化粧前に♪

朝、忙しいママさん

ダイソーの商品✨
化粧前の保湿として使ってるんだけど香りも優しくてさっぱりしてる😃
朝使うのにいいのが
メンソールが結構しっかりしてるから目が覚める😳
かなりスースーする😳
人によると思うけど、… https://t.co/hjkW0eQn2G",1529305274414411777,sakuraich21,Wed May 25 03:36:05 +0000 2022
23,"仲間入り🌱

ダイソーで新たに仲間入りしました🌱

青シソ
レタスミックス

ダイソーに売ってる事にビックリ🫢

折れたトマト🍅もスクスク🌱
向日葵🌻も元気に育ってます😃 https://t.co/6A3mKNkhYo",1528959082627219456,sakuraich21,Tue May 24 04:40:26 +0000 2022
24,"2人でガスト

下のチビちゃんが朝から
鼻血が止まらず💦
変な咳もしてるので急遽、
仕事休んで耳鼻科へ！

歯も痛いみたいなのでいつもの歯医者に電話📞して薬を処方してもらうことに！
歯医者の先生が敏腕で本当にすごい！
上の子も下の… https://t.co/9nyB7KSjFF",1528597157728886784,sakuraich21,Mon May 23 04:42:17 +0000 2022
25,"ぎゃー‼︎

風が強くてトマト🍅の鉢が倒れて
実のなってた部分がバキバキに…

🫠🫠🫠
心が折れた😂

ちびっ子達が楽しみに毎日水やりしてたのに(´°̥̥̥̥̥̥̥̥ω°̥̥̥̥̥̥̥̥｀)

ごめんね🙏

迂闊だった😢😢

新し… https://t.co/z126OqdYAI",1527193591340494848,sakuraich21,Thu May 19 07:45:00 +0000 2022
26,"@yuu8_kai11_rei5 どこの子も一緒なんですね😂笑
それでなくても2人とも牛乳好きで1日一本は無くなるので、更に牛乳飲むのが加速しないことを祈りつつ、様子見ときます😄",1526471354115301377,sakuraich21,Tue May 17 07:55:05 +0000 2022
27,"近所のスーパーにて

牛乳の味変？みたいなモノが売ってあったので🤭

最近よく目にするんだけど
🤔って感じで買わなかったんだよなー。

安かったのもあってお試しで3種類買ってみた😚

早速、ちびっ子に牛乳にストローをさして飲ませて… https://t.co/AGKJcvBCBr",1525804190231957504,sakuraich21,Sun May 15 11:44:01 +0000 2022
28,"ゲット‼︎

クリーパーとオオカミを
クレームゲームでゲット‼︎

かなり苦戦しましたが
仲間にできました✨

クリーパーの頭大きすぎて
フォルム激かわ✨ https://t.co/qkEQTTg2Lw",1525780366677901312,sakuraich21,Sun May 15 10:09:21 +0000 2022
29,"チョコ🍫

ちびっ子達が
冷凍庫から何やらチョコを🤔

2人でガサゴソ開けて
😳😳😳
シークレットが当たった〜✨と
朝からハイテンション😂
これで今日1日が楽しく過ごせるね〜♪

冷凍庫に入れてたからチョコパキパキ😂 https://t.co/prMdFtuCCk",1525646488751460353,sakuraich21,Sun May 15 01:17:22 +0000 2022
30,"今日のトマト🍅

天気は生憎な感じですが、
トマト🍅もひまわり🌻も
元気に育ってます✨

トマトは続々と実をつけて行ってるので収穫が待ち遠しい😊 https://t.co/gzTLztBx6W",1524929046207164416,sakuraich21,Fri May 13 01:46:31 +0000 2022
31,"遠足日

今日は下のチビちゃんの遠足だったんだけど、あいにくの天気で延期😢

給食が🙅‍♀️なのでお弁当です🍙

いつもお弁当の中におにぎりが入らず別に用意(°▽°)
保育園ではよく注意されてたな〜😐

下のチビちゃんのリクエスト… https://t.co/0d8H0hWXIQ",1524515664417144832,sakuraich21,Wed May 11 22:23:53 +0000 2022
32,"コラボスイーツ✨

最近あまり見かけなくなったんだけど、すごく美味しい✨

見かけたら是非😊

エンゼルクリーム好きな方はひっけん！

#エンゼルクリーム
#ミスドコラボ
#森永お菓子 https://t.co/xhglLDP7Jc",1524353179261206528,sakuraich21,Wed May 11 11:38:13 +0000 2022
33,@ruarara_channel ありがとうございます✨,1523946308050239489,sakuraich21,Tue May 10 08:41:28 +0000 2022
34,"バースデーケーキ🍰

ありがとう😭
いくつになっても祝ってもらえるって嬉しいね😂

ケーキ2個頂きました♪

美味しかった〜♡

クッキー生地のタルトとパイ生地のタルト✨

タルト好きの私には幸せすぎた😂 https://t.co/8QZqBuEPEZ",1523931348477833216,sakuraich21,Tue May 10 07:42:01 +0000 2022
35,"紫陽花

紫陽花好きの母（祖母）に
母の日にひな祭りという品種の
紫陽花をプレゼントしました♪

喜んでくれたので良かった✨ https://t.co/3TnjR5e159",1523877997539119104,sakuraich21,Tue May 10 04:10:01 +0000 2022
36,"✨母の日✨

私事ですが、
今年の母の日と私（ママ）の誕生日が重なりました🎉

母になって、
母（祖母）に対してありがとうと思う気持ちが大きくなって
母（祖母）にはいつもありがとうと産んでくれてありがとうを伝えたい♡
子供たちから… https://t.co/52BQUTGIbx",1522866353241464832,sakuraich21,Sat May 07 09:10:06 +0000 2022
37,"トマト報告🍅

順調に育っております😊

下の息子ちゃんがいつのまにか風車的な？ニコちゃんをトマトの植木鉢に刺しておりました(*⁰▿⁰*)

ニコちゃん好きなので癒される〜♡
けど、こんなの持ってたんだ🤔と笑 https://t.co/uaYKS6m7DO",1522383780383649793,sakuraich21,Fri May 06 01:12:32 +0000 2022
38,"菖蒲湯

今日は元々菖蒲湯に入って
厄などを落とすらしい🤔

5月は一年の中でも体調を崩しやすかったり精神的に疲れたりとするみたいです。
よく言われる5月病もその類いらしい🤔

なので菖蒲を入れたお風呂に入って今年一年無病息災を願… https://t.co/x4DqpwUaZx",1522184954935132160,sakuraich21,Thu May 05 12:02:28 +0000 2022
39,"こどもの日なのに

仕事です😫
ランチは定食屋さん😊

700円です✨

夜はチビたちに何作ろうかな🤔

こどもの日だしね✨ https://t.co/4ixHVBhCxh",1522081985573056512,sakuraich21,Thu May 05 05:13:18 +0000 2022
40,"いい天気✨

飛行機雲が天気の良さを表してる✨ https://t.co/cnOWknSuca",1521705207599894528,sakuraich21,Wed May 04 04:16:08 +0000 2022
41,"さくらんぼ🍒

すっかり桜が散って🌸
さくらんぼがたくさん身をつけてる🍒

可愛い💕

甘い実がなるといいな〜(о´∀`о) https://t.co/eIgKlJvNk8",1521703535926456320,sakuraich21,Wed May 04 04:09:29 +0000 2022
42,"ゴールデンウィーク

毎年、この時期がなんとなく嫌いです。
子供たちはおじいちゃん👴おばあちゃん👵と田舎へ行って優雅に温泉に入りながら遊んでいます😃

私は…仕事三昧😫

皆様はどうお過ごしでしょうか？

是非、日々の疲れを癒して… https://t.co/t1iRiRBzge",1520212139415576576,sakuraich21,Sat Apr 30 01:23:12 +0000 2022
43,"信じられない😫

こんなにも穏やかで気持ちのいい天気なのに
明日、雨‼︎😫

やっと洗濯物たくさん干して
よし！って、気持ちになれたのに😨

毎日洗濯したい人は
ツライな〜😂 https://t.co/UAtIs7eRZY",1519554197775351808,sakuraich21,Thu Apr 28 05:48:47 +0000 2022
44,"お疲れ様です。

今日も一日お疲れ様でした😃
疲れてぼーっとしたいという欲求と眠気と戦いつつ
上の子の明日の遠足の準備をしなきゃなーと思いながら
ソファーに座って早30分(°▽°)

いつも活動限界ギリギリを彷徨ってます(ﾉД`)… https://t.co/4bhx88sZxC",1519313560387883008,sakuraich21,Wed Apr 27 13:52:34 +0000 2022
45,"怖い怖い

鱈のムニエルを作ろうと思ったら
いたよ！
アニサキス😫

前は生鮭に4匹もいた😐

今回は1匹😫
怖い怖い😐 https://t.co/zDivApGZbZ",1518518937612599296,sakuraich21,Mon Apr 25 09:15:02 +0000 2022
46,"癒し

スミレちゃんとポン太くんです✨

黒と白って対照的な犬なので同時に📷パシャとするとどちらかにピントが合って（←大体黒）白の色が飛ぶ🙄

ポン太を📷撮ろうと思ったらちゃっかりスミレちゃんも😚

足はおばあちゃんです👵 https://t.co/Pn6hnao5EZ",1518464053861294080,sakuraich21,Mon Apr 25 05:36:56 +0000 2022
47,"新しく

チューリップが咲きました🌷
可愛い✨

向日葵🌻もトマト🍅も
どんどん大きくなってます😊 https://t.co/nhGGYztzOM",1518360783457243136,sakuraich21,Sun Apr 24 22:46:35 +0000 2022
48,"モーニングプレート

ウマウマ✨
雨の日曜日
のんびり過ごします😃 https://t.co/IdU5JXMACX",1518021175456448512,sakuraich21,Sun Apr 24 00:17:06 +0000 2022
49,"こんばんは〜

先日ドンキで買ったオールインワン

安かったのとボタニカルという言葉に惹かれてついつい😳

期待してなかったけど
花粉でやられまくりの肌には
優しい✨
優しい系の化粧水よりも
圧倒的に優しくて刺激もなく
保湿力がす… https://t.co/zQXGTHli9U",1517855584124805120,sakuraich21,Sat Apr 23 13:19:06 +0000 2022
50,"かすみ草

かすみ草が1番好き♡
コーナン でかすみ草の色んな種類が売っていたので🤔🤔
悩みに悩んで買ってしまった🙄

枯らしてしまうのが怖くてあまり花💐買いたくなかったんだけど、好きな花を眺めてると気持ちも穏やかになれるよね😊… https://t.co/j4YXnrXGIw",1517409039596294144,sakuraich21,Fri Apr 22 07:44:41 +0000 2022
51,"学校が休みなので

ケンタランチ😊
レッドホットクリスピー😫
辛い〜😫

和風チキンカツ✨ウマウマ😃

ちびっ子1人はチキンしか食べないし
もう1人はクリスピーしか食べない😐 https://t.co/g9uGRP4TV1",1517349825704267777,sakuraich21,Fri Apr 22 03:49:24 +0000 2022
52,"アレルギーとの戦い

朝から鼻水、くしゃみ🤧
目の痒み👀
とひたすら戦ってます😫

今のところ全敗_:(´ཀ`」 ∠):

アレルギーの薬飲んでも💊効いてるのか？と疑いたくなる程🤨

よし、晴れてきた☀️",1517325832880287744,sakuraich21,Fri Apr 22 02:14:03 +0000 2022
53,"観葉植物🪴

観葉植物が好き😃
だけど、すぐに枯らしてしまう😫

パキラ、葉っぱが全部落ちて捨てないとなーと思ってだんだけど
ある日すごく小さい芽が🌱

誰か枯れない方法教えてください😫 https://t.co/9VX3WEWLox",1517069538537635840,sakuraich21,Thu Apr 21 09:15:38 +0000 2022
54,"懇談なので

午後休にして気合を入れていこう！と思ってYouTubeを見漁り
簡単　ゆるふわ
的な感じであったから
おぉー！と思ってやってみたら😫

ただのボサボサになった😂

時間もないので行ってきます😫😫 https://t.co/PF7zWemGEv",1517006944556707840,sakuraich21,Thu Apr 21 05:06:54 +0000 2022
55,"海辺のスタバ

あと半日〜

頑張ります😃 https://t.co/DrBpMRA8Dy",1516624933144903680,sakuraich21,Wed Apr 20 03:48:56 +0000 2022
56,"正しいこと

正しいことを言っていても
どんなに正論を並べても

そこに優しさがなければ
ただただ傷つく

大人に対しても
子供に対しても

愛妻家宮本（←映画）で
あなたの言っていることは正しい
だけど、優しくない
って言葉が自… https://t.co/GljvIjdg3A",1516623089999974402,sakuraich21,Wed Apr 20 03:41:36 +0000 2022
57,"おはようございます😃

日に日にアレルギーが酷くなり
鼻はズルズル🤧
目はカユカユ🙄

稲科のアレルギーって言われたけど…

毎年夏になるくらいまでの数ヶ月が1番しんどい😭

もちろん薬は飲んでるけど、
それでも酷い_:(´ཀ`」… https://t.co/PaFgPMCYt4",1516555432965586945,sakuraich21,Tue Apr 19 23:12:46 +0000 2022
58,"月が綺麗✨

今日は月がとても綺麗です(о´∀`о)

携帯のカメラで📷パシャパシャするも…撮れない😂

一眼レフで📷パシャ！

お、初めてにしては月面まで撮れた(°▽°) https://t.co/AeegyIVySI",1516413054816329729,sakuraich21,Tue Apr 19 13:47:00 +0000 2022
59,"夕暮れ

空を見上げて夕焼けを見て

あぁ〜、
日が長くなったなーと実感😊
明日は水曜日
週の真ん中💦
早いな〜😐

1日が体感、3時間くらい🙄ヤバ https://t.co/tpkNMFvilh",1516346519535996928,sakuraich21,Tue Apr 19 09:22:37 +0000 2022
60,"トマト🍅

花が咲いてた😃

チューリップも🌷たくさん咲いて✨
向日葵も双葉がいっぱい🌱

同じモノを２つ買ったのに何故こんなに成長に差があるんだろう🤔🤔 https://t.co/wWa9fdoDYY",1516191454867394562,sakuraich21,Mon Apr 18 23:06:26 +0000 2022
61,"朝送り出して
外が騒がしいと思ったら

((((；ﾟДﾟ)))))))
チビ2人が登校しながら喧嘩、
１年の男子が悪い！
お姉ちゃんに勝てないと悟り
道で大きな声攻撃(ﾉД`)

朝から勘弁してください(´°̥̥̥̥̥̥̥̥ω… https://t.co/iW8SBQg2Co",1515831846772568074,sakuraich21,Sun Apr 17 23:17:29 +0000 2022
62,"あっという間に
休日が終わりました(ﾉД`)

子供よりも大人の私が落胆😂
明日からまた忙しい1週間が始まります💦
歳を重ねると1週間があっ🤭と思っている間に駆け抜けます😐
気付けば一年終わってる(°▽°)みたいな…

皆さま1週… https://t.co/TDxZ1Eqx3c",1515680964839882753,sakuraich21,Sun Apr 17 13:17:56 +0000 2022
63,"帰り道

うじゃうじゃ人が居たのに
誰もいない(°▽°)

夕方だけど、写真で見ると早朝みたいにも見えるな〜😃

楽しかった〜✨ https://t.co/PWxT9T0Box",1515633968192061442,sakuraich21,Sun Apr 17 10:11:11 +0000 2022
64,"天気がいいので✨

公園へ
公園はいいね👍
時間の流れがゆっくり(*´꒳`*)

ぼーっとしてたら夕方(°▽°) https://t.co/XxHVdcqxwx",1515608549531189248,sakuraich21,Sun Apr 17 08:30:11 +0000 2022
65,"おうち
モーニング

モグモグ(*⁰▿⁰*) https://t.co/JogPiJMGAl",1515607746141626368,sakuraich21,Sun Apr 17 08:26:59 +0000 2022
66,"てんとう虫

てんとう虫が好きな葉っぱ？
昔からこの葉っぱには
てんとう虫の幼虫、成虫がいっぱい！

道によくあるので覗いてみると👀

いました〜✨ https://t.co/GMvAdgW8Qt",1515183829346304005,sakuraich21,Sat Apr 16 04:22:30 +0000 2022
67,"向き合うこと

子供と向き合うことは
とても大事。
自分の子供というより
1人の人間として
向き合う。

体力も精神力も削られる。

合っているのか間違っているのか
マニュアルや取説があるわけでもない。

親として、人間として
怒… https://t.co/zO04ybdNge",1514958176185368578,sakuraich21,Fri Apr 15 13:25:50 +0000 2022
68,@saka_mercari 自分が選んだものなので大事にしてくれることを願ってます😂,1514872774804017152,sakuraich21,Fri Apr 15 07:46:29 +0000 2022
69,"やっと
判明しました😂

白い花の名前！
ムスカリって言うみたいです😃
大きく成るにつれてスズランの様に下に花が垂れてきました(о´∀`о)

可愛い♡ https://t.co/Xz4ZWLfzKA",1514868883836276742,sakuraich21,Fri Apr 15 07:31:01 +0000 2022
70,"@saka_mercari そうなんです😃

私の時代は男の子は黒！
女の子は赤！って感じだったので時代を感じます💦笑

下の子はカバン専門店の受注生産だったので3ヶ月半程かかりました(°▽°)
息子が緑が好きなので大喜びです😃",1514868201209098245,sakuraich21,Fri Apr 15 07:28:18 +0000 2022
71,"おはようございます😃

朝の挨拶運動？
生活指導の役員頑張ってきました〜😃
朝が早い💦
7:50頃から1時間弱って中々ハードよね💦
まぁ、ちびっ子達の安全のためなので頑張ります😆
大きくなった我が子の背中に愛しさが溢れてしまった😢… https://t.co/tZjJGkPerW",1514828197636210689,sakuraich21,Fri Apr 15 04:49:21 +0000 2022
72,"お疲れ様です😃

明日から役員なのでバタバタです💦

香り重視の入浴剤😃
香りで癒されたい方にオススメです✨ https://t.co/uMedxWi8CH",1514521003405475841,sakuraich21,Thu Apr 14 08:28:40 +0000 2022
73,"雨が降りそうな

曇り空☁️

昨日より体調はマシです😃 https://t.co/ilRunpkgZM",1514484934022668291,sakuraich21,Thu Apr 14 06:05:20 +0000 2022
74,"気づけば

1000人以上の方にフォロー頂き、本当にありがとうございます😊
普通に過ごしてると繋がることの出来なかった出会いばかりに感謝してます♪
これからもいろんな方々ともっと繋がって行けるように頑張ります(о´∀`о)",1514484175625388032,sakuraich21,Thu Apr 14 06:02:19 +0000 2022
75,"蒸し蒸し

なんとも言えない気候だね_:(´ཀ`」 ∠):
朝から微妙に雨降っては昼頃からは晴れる😂

蒸し蒸しが半端ない😂
除湿したい除湿！
カラッと感が欲しい(ﾉД`)
遅くなったけど今からお昼💦
時間ないからマックのてりたま… https://t.co/LH7ssV50bb",1514462041557598209,sakuraich21,Thu Apr 14 04:34:22 +0000 2022
76,"ミニトマト

先日コーナン でトマトの苗が売っており、数ある苗の中から↓のコに決めました😃
単純なので甘いデザートと聞くとワクワク✨してしまうよね(*´꒳`*)
植物には声をかけるといいと聞いたので、甘いトマトをお願いね〜✨と声を… https://t.co/hlU4StZJRI",1514145841925455872,sakuraich21,Wed Apr 13 07:37:54 +0000 2022
77,"@Happychannel_ry 私は働いてるけど、
働いてないお母さん暇してると思ったことないな〜🤔
そーゆー人も居るのかもしれないけど💦←羨ましい(ﾟ∀ﾟ)
お母さん業って手を抜くことも抜かないことも自分次第だから一概にこうとは言えないよね😢",1514124573100625922,sakuraich21,Wed Apr 13 06:13:23 +0000 2022
78,"寝込んでる間に(°▽°)

なんと！

咲いてる🌷
ミニチューリップ…
想像してたのとなんか違う🤔
🤔🤔🤔
まぁ、可愛いからいいか😂 https://t.co/JIGymEbeJo",1514123796181319680,sakuraich21,Wed Apr 13 06:10:18 +0000 2022
79,"不安定
天気や気圧が不安定な日は
高血圧の私にはとてもツライ😢

朝から200超えることもある。
仕事に行きたいのに行けない。
今日もそんな日😢

世の中のお母さんはもっと強い！と自分に言い聞かし
Twitterでみなさんから元気をもらい✨
今日を頑張ります😃",1514089366846849025,sakuraich21,Wed Apr 13 03:53:30 +0000 2022
80,"休憩✨

甘いモノが食べたい🤔

コロンのこの味が1番好き♡ https://t.co/GP8mdAG93z",1513741049419952129,sakuraich21,Tue Apr 12 04:49:24 +0000 2022
81,"@ruarara_channel 名前の件、結構あるあるじゃないですか？
チューリップ🌷とか
向日葵🌻とか王道はわかるんですが…
花だけ見ても…(°▽°)ってなりますよね😂
綺麗だったら何でもオッケーですね👍",1513738671534776320,sakuraich21,Tue Apr 12 04:39:57 +0000 2022
82,"やっと
晴れてきました☀️

皆さんのところは朝から晴れてるのかな？
ここ最近ずっと昼頃から天気が良くなったり昼頃を境に天気が悪くなったり…⛅️

花が咲き始めました♪
名前は…🤔わかりません😂 https://t.co/g3psOJSsH5",1513720221869424644,sakuraich21,Tue Apr 12 03:26:39 +0000 2022
83,"@MurasakiMc おはようございます😃
返信が遅くなって申し訳ないです😢
暖かいメッセージ、元気になります♪
今日も一日が始まりますね😂
年々、日が過ぎるのが早い💦

体調に気をつけながらお互い穏やかな1日を過ごしましょう(о´∀`о)",1513658441218560003,sakuraich21,Mon Apr 11 23:21:09 +0000 2022
84,"やっと
1日が終わりますね。

チビ達が寝てはじめてホッと出来る。
さて、今から洗濯物畳んで明日の学校の準備を確認して🤔
することいっぱい😂
お弁当の準備もして、早めに寝たいです💦
皆様、今日も1日お疲れ様でした♪
明日も笑顔に溢れる日を過ごせます様に(*´꒳`*)",1513487332338712585,sakuraich21,Mon Apr 11 12:01:13 +0000 2022
85,"一気に
曇り空、今にも雨が降りそう☔️ https://t.co/BEcilWdxbO",1513392771050401794,sakuraich21,Mon Apr 11 05:45:28 +0000 2022
86,"曇ってたのが
嘘みたいに晴れた☀️

快晴✨ https://t.co/ChcFG4HBzi",1513327048819093504,sakuraich21,Mon Apr 11 01:24:19 +0000 2022
87,"おはようございます☀

続々と

花が咲きかけています😃

向日葵の芽も🌱出そうです😃 https://t.co/i54dTdZKAJ",1513312409062354946,sakuraich21,Mon Apr 11 00:26:08 +0000 2022
88,"おはようございます😃

今日は朝からバトル、バトルと喧嘩が勃発し精神共に疲弊_:(´ཀ`」 ∠):

大人の喧嘩はダメですな…。

穏やかに過ごす為に気持ちを切り替えます(´°̥̥̥̥̥̥̥̥ω°̥̥̥̥̥̥̥̥｀)",1513011980311068672,sakuraich21,Sun Apr 10 04:32:21 +0000 2022
89,"@kametarousenpai 何十年も一緒にいると本当に家族です😃
名前を呼べば来るんです😃
名前はカメ五郎🐢笑
ありきたりです😂
もう亡くなってしまったんですが前に飼ってた犬ととても仲が良かったです。不思議ですよね〜🤔",1512774761377841160,sakuraich21,Sat Apr 09 12:49:43 +0000 2022
90,"@kametarousenpai @DcCJzoRvNUk87mH いえいえ、返信ありがとうございます。
うちは姉が川で拾ってきたのですが、30数年前に…苦笑
手のひらくらいしかなかったのがちょうど手くらいにしか大きくなりませんで… https://t.co/wXL4iwBPGU",1512770890379198471,sakuraich21,Sat Apr 09 12:34:20 +0000 2022
91,"@kametarousenpai @DcCJzoRvNUk87mH うちも30年以上飼っている日本ガメがいます😃
家の中で飼っているので最近は冬眠もしません😂",1512760975614947328,sakuraich21,Sat Apr 09 11:54:56 +0000 2022
92,"鬼リピ

入浴剤が好き♡
結構色んな種類の入浴剤がある中でアーユルタイムのサンダルウッドの香りを鬼リピしてる😃
すごく好きな香りだし芯まで温まるしサイコー(о´∀`о)
機会があれば是非お試し下さい♪ https://t.co/IIpEfF3lzZ",1512743631056433154,sakuraich21,Sat Apr 09 10:46:01 +0000 2022
93,"我が家のブーム
焼きマシュマロを分離 させて食べる
オススメです😊

https://t.co/JmW9hU2SgG",1512713333384052737,sakuraich21,Sat Apr 09 08:45:38 +0000 2022
94,"花粉？黄砂？

いや、両方だな😂
目は痒いしくしゃみは出るし🤧

洗車しても黄砂なのかすぐ汚れる😢

はぁ、、、ツラ(´°̥̥̥̥̥̥̥̥ω°̥̥̥̥̥̥̥̥｀)",1512701606613368845,sakuraich21,Sat Apr 09 07:59:02 +0000 2022
95,"ショート動画😷
大人用マスクをかんたんサイズ調整
https://t.co/BV02FR7bYH",1512614460800004096,sakuraich21,Sat Apr 09 02:12:45 +0000 2022
96,"週末の楽しみ

週末の朝は色々なところにモーニングに行く😃
これがあるから週末まで色んなことを頑張れる😃
今日はびっくりドンキー😚
コスパ最強の上美味しい✨ https://t.co/6G1SB9DYPX",1512589308443918337,sakuraich21,Sat Apr 09 00:32:48 +0000 2022
97,"生後2日目

上の子と下の子があまりに似ていたので📷パシャ✨
どちらも病院の個室で生後2日目(°▽°)

こんな時期もあったのかな〜と良い思い出😃
性別が違うのにこんなにも似るものかな？🤔
可愛いな〜とつくづく😚←親バカ
写真って… https://t.co/9b5L9O6tNB",1512377400923127810,sakuraich21,Fri Apr 08 10:30:45 +0000 2022
98,"送る側から送られる側へ

朝、長女の小学校を見送っていた弟
気付けば今日から2人で登校

ベランダから登校する姿が見える

感慨深いものがある😢 https://t.co/S4pViKKnXK",1512205900714766337,sakuraich21,Thu Apr 07 23:09:16 +0000 2022
99,"入学式

桜もどんどん散ってスカスカ
風が吹くたびに花吹雪の様に散る
春の終わりを感じるね〜😢

明日から新一年生😃
頑張ってほしいな〜😃 https://t.co/6rn6xZCz4G",1511928185797345280,sakuraich21,Thu Apr 07 04:45:44 +0000 2022
100,固定ツイ200いいねありがとうございます😊,1511832433569976321,sakuraich21,Wed Apr 06 22:25:15 +0000 2022
101,"平和

元ネタ知らない人からはなんの違和感もない😂 https://t.co/8Q2UJ3wJzm",1511633627721117701,sakuraich21,Wed Apr 06 09:15:16 +0000 2022
102,"夏に向かって

6時だと言うのにこの明るさ

あぁ、夏に向かって真っしぐらだなーと。まだ春になったばかりだけど🤔

これくらいの季節が1番好き😃 https://t.co/HTjfcs9iXq",1511630791834738689,sakuraich21,Wed Apr 06 09:04:00 +0000 2022
103,"仕事が休み

今日はおやすみ
家の事しようと奮闘中
なのにどんどん散らかる🤔

不思議現象😂

で、また日向ぼっこしながらボーッとしてしまう💦
夕方までには…と自分に言い聞かせながら現実逃避中🤔",1511552495449145346,sakuraich21,Wed Apr 06 03:52:52 +0000 2022
104,"苦手なこと

洗濯が好き
干すのも好き

だけど、畳んで直すのが苦手(ﾉД`)

観葉植物が好き
すぐ買ってくる
植えかけする

だけど、すぐに枯らしてしまう(´°̥̥̥̥̥̥̥̥ω°̥̥̥̥̥̥̥̥｀)",1511546554943176704,sakuraich21,Wed Apr 06 03:29:16 +0000 2022
105,"悩み

悩みがあるとついつい空を仰いでしまう。
ボーッと、ただボーッと空を見るのが好き😃
天気がいいとそのまま日向ぼっこ。
どんな空も好き
今日は穏やかよりキリッとしてる。
しっかりした人間になりたい https://t.co/dzWmBXHa4I",1511525247643979777,sakuraich21,Wed Apr 06 02:04:36 +0000 2022
106,"取り越し苦労

友人のチビちゃんが卒園して
入学式を待たずして学童へ

人見知りで内気な優しい男の子。
なかなか自分の思いを人に伝えるのが苦手で…
少し前に話した時に学童に行きたくないとウルウルしてたので、親以上に心配してしまって… https://t.co/3rOrKRTkfA",1510904373018509314,sakuraich21,Mon Apr 04 08:57:28 +0000 2022
107,"室外機の上にて

育ててます😃

左がトマト
真ん中２つがミニチューリップと何か🤔
1番右がミニひまわり

咲くのが楽しみです♪ https://t.co/OnSv2FQI1y",1510875925248094211,sakuraich21,Mon Apr 04 07:04:25 +0000 2022
108,夜桜散歩🌸 https://t.co/05JQHtdgo4,1510583882558902274,sakuraich21,Sun Apr 03 11:43:57 +0000 2022
109,"@kae_nonofam お疲れ様です(*´꒳`*)

子育てしながら家事は本当に大変です。家事をして当たり前って感じがね…嘘でも労いが欲しいですよね😢

いつもご苦労様です。
たまにはこっそり手抜き息抜きして下さい。
心が疲れた… https://t.co/ynJQmXM3lt",1510470297711161347,sakuraich21,Sun Apr 03 04:12:36 +0000 2022
110,"可愛くて

上手には全く📷撮れないんだけど
それでも瞬間、瞬間を頭には残して置けないから写真で切り取る✂️
後で写真を振り返った時に頭の引き出しからその時のことをまた思い出せる。
めんどくさいなーって思うけど、それが後々になってや… https://t.co/N2yffnt58u",1510429020177186824,sakuraich21,Sun Apr 03 01:28:35 +0000 2022
111,"ハトムギさん

ドンキホーテで安く買ったので
大人買いならぬ
大人使いさせて頂いています😚

もう、朝晩溺れまくりで肌もしっとりありがとうございます😊 https://t.co/ATXGctNd4i",1510416839528312832,sakuraich21,Sun Apr 03 00:40:11 +0000 2022
112,"真っ黒黒

全部が黒すぎて、
寝てるのか起きてるのか🤔

ネムネムなワンコ💤

今日も一日お疲れ様でした😃

良い夢見てね〜🐶 https://t.co/YjZOSHZGGd",1510228689103241218,sakuraich21,Sat Apr 02 12:12:32 +0000 2022
113,"犬っ子

おばあちゃん犬です🐶

今日はお泊まり保育😃 https://t.co/eXScSjuhw9",1510207973897158657,sakuraich21,Sat Apr 02 10:50:13 +0000 2022
114,@jaga66458818 jaga様はじめまして！こちらこそよろしくお願いします😊,1510063352462340099,sakuraich21,Sat Apr 02 01:15:33 +0000 2022
115,"@NOBINOBI_krh 顔www
とても楽しそうで羨ましいです！！😊",1510062635521576960,sakuraich21,Sat Apr 02 01:12:42 +0000 2022
116,"@mioritoayano 美味しいですが朝から量が💦

是非是非、お時間ある朝は優雅にモーニングを😃",1510062325008859136,sakuraich21,Sat Apr 02 01:11:28 +0000 2022
117,"朝コメダ

朝からモリモリ😃
今日は一段と肌寒いので風邪を引かずに頑張ろう(°▽°) https://t.co/WBOJE84VAU",1510057189872144384,sakuraich21,Sat Apr 02 00:51:04 +0000 2022
118,"新しい門出
新しい生活が始まると今までの生活に一旦さよなら。
大きく変わる人もいればそうでない人もいる。
やり慣れたこと、通い慣れた道から離れるのは寂しい気持ちが先行してしまう。
それでも新しいことに幸せや楽しさを見つけるために前向きに笑顔で1日を過ごせますように。",1509888390388658185,sakuraich21,Fri Apr 01 13:40:19 +0000 2022
119,"衝撃の新商品

指先サイズのスマホ

専用つまようじで操作するとか😂 https://t.co/D5BkuB6lXv",1509833116713906178,sakuraich21,Fri Apr 01 10:00:41 +0000 2022
120,@hyouhaluchannel 兵庫県の余暇村公園と言うところです☺️,1509524835046932491,sakuraich21,Thu Mar 31 13:35:40 +0000 2022
121,"知ってる人いるかな？

山の上の驚くほど長い滑り台(°▽°)

登るだけでちょっとした登山気分を味わえる😫

興味がある方は是非😃 https://t.co/4bwwX6tjoi",1509522707825950725,sakuraich21,Thu Mar 31 13:27:13 +0000 2022
122,今日も1日お疲れ様でした😊 https://t.co/9mLVJKEAKS,1509500312683704324,sakuraich21,Thu Mar 31 11:58:14 +0000 2022
123,"最後の登園…
大規模な保育園だけど、同じ小学校に行く子は1割くらい。
仲良い友達とは小学校がバラバラ😢
コロナで登園も出来てなかったから最後の最後まで登園。
朝から最後だから登園しない！😡と
行こうと促すも行ったらみんなにサヨナラ… https://t.co/ClGTmyNkHA",1509337120116469762,sakuraich21,Thu Mar 31 01:09:46 +0000 2022
124,100点です！！！！！！！！ https://t.co/YFG3wT2rA7,1508793090949074949,sakuraich21,Tue Mar 29 13:07:59 +0000 2022
125,"@kumagai_mio コメントありがとうございます！
フォローさせていただきました！
こちらこそよろしくお願い致します😄",1508777879207051278,sakuraich21,Tue Mar 29 12:07:32 +0000 2022
126,@kae_nonofam これは怖すぎます！🤣,1506946412885393408,sakuraich21,Thu Mar 24 10:49:57 +0000 2022
127,嬉しすぎて画像貼り忘れた😳 https://t.co/eoWrqvwCis,1506945430097051651,sakuraich21,Thu Mar 24 10:46:02 +0000 2022
128,"チャンネル登録10人！
ありがとうございます😊",1506945135426240519,sakuraich21,Thu Mar 24 10:44:52 +0000 2022
129,"@kae_nonofam わわ、ありがとうございます！
こちらこそ、これからウォッチさせていただきますね😁よろしくです！",1506598435255832580,sakuraich21,Wed Mar 23 11:47:12 +0000 2022
130,"作って楽しいリアルマイクラで遊んだよ！
動画アップしたので見てください！
https://t.co/bNG8zZ66CN",1506476945709539330,sakuraich21,Wed Mar 23 03:44:27 +0000 2022
131,"動画公開しました！
ポップチューブポコポコ音が楽しいです。

音が気持ちいー！ポップチューブ で遊んでみた https://t.co/xoZJUueC7v @YouTubeより",1504666325381427202,sakuraich21,Fri Mar 18 03:49:41 +0000 2022
132,"久々に動画公開しました！
ご視聴、チャンネル登録お願いします！

外はカリカリ中はグミ食感が楽しいグミッツェル３種食べ比べ 一番美味しいのはどれ？ https://t.co/qoCh4QJWX8",1504665727932170241,sakuraich21,Fri Mar 18 03:47:19 +0000 2022
133,"さくらいちャンネル

登録ボタン😁
コメントだけでも歓迎！
遊びに来てください！
https://t.co/93cutEyBes

https://t.co/ppvG8xW1ix",1371664943032848388,sakuraich21,Tue Mar 16 03:29:41 +0000 2021
134,@NVnxfGmXqDYNsMJ まっすぅー様😄✌️ご丁寧にコメント有難うございます！こちらこそ宜しくお願いします🙇‍♂️,1370239825635250177,sakuraich21,Fri Mar 12 05:06:46 +0000 2021
135,"フォロワー111人！有難うございます👏
記念に感謝のおかえしRTさせて頂きます。固定ツイートか面白そうな投稿無作為に😁

参加方法はフォロー&amp;RTするだけ。
#相互RT 

チャンネルも見てね😁
https://t.co/KhipZaVF9V",1370013306350489608,sakuraich21,Thu Mar 11 14:06:40 +0000 2021
136,@kaori_218318 かおり様😊ダイエット動画気になったのでチャンネル登録しました！よろしくです😊,1369645306602647553,sakuraich21,Wed Mar 10 13:44:22 +0000 2021
137,"肩たたき。

マッサージ代1秒1円やから

安いなー、ええよ😊

。。。いや、意外と高ない？🤣",1369510697646714881,sakuraich21,Wed Mar 10 04:49:29 +0000 2021
138,@onatan_channel おんたなさま初めまして！YouTubeチャンネル登録しました😊投稿期待して待ってます！良ければうちのチャンネルもよろしくです😊,1369494993522495491,sakuraich21,Wed Mar 10 03:47:05 +0000 2021
139,@Yumekatsu_LAB 夢活LAB様、フォローありがとうございます。Youtubeもチャンネル登録しました😊良ければうちのチャンネルもよろしくです！,1369494259334742018,sakuraich21,Wed Mar 10 03:44:10 +0000 2021
140,"助かってよかった😱
気をつけよう。
 https://t.co/HNWeG3g0j8",1364526896726204418,sakuraich21,Wed Feb 24 10:45:38 +0000 2021
141,"はじめてのスライム作り、動画公開しました！
クリアスライムは基本！
簡単にできるかと思ったら苦戦したー🤣

このスライムを基本として、
既に楽しい動画たくさん撮影済み！
是非チャンネル登録よろしくお願いします！

https://t.co/jqE1M3pd9p",1364040771381325828,sakuraich21,Tue Feb 23 02:33:57 +0000 2021
142,"動画編集しだすと欲しくなる最新Mac
M1チップ搭載Mac欲しい！
PTA役員なら学割適用できるとの事で

学割適用なら
MacBookAir ¥93,800~
FinalCutPro ¥21,818
AppleCare+ 3年… https://t.co/NSaL6EnQHF",1362933436638326784,sakuraich21,Sat Feb 20 01:13:48 +0000 2021
143,"ぽんじい12歳の誕生日
人懐っこくて可愛いわん
ケーキ食べたくて仕方ない様子😋 https://t.co/lQbVjKU2Vj",1360830878021079042,sakuraich21,Sun Feb 14 05:58:58 +0000 2021
144,"危険生物バスボール 編集版

こういうのいっぱい作って
まとめ動画作るの目標にがんばる
https://t.co/DLbkBDWIsw",1360031872965775361,sakuraich21,Fri Feb 12 01:04:01 +0000 2021
145,"危険生物バスボール
https://t.co/Ik5scliokn",1357955139441618947,sakuraich21,Sat Feb 06 07:31:49 +0000 2021
146,"先ほど紹介したキャプチャボードこれ単体では
遅延でゲームにならないけど
HDMIをPCとテレビに分配すれば
遅延なくいつも通りゲームができる！

HDMI 分配器 1入力2出力 HDMI スプリッター 画面同時出力高速HDMIケー… https://t.co/4662u8dEhW",1356234071991435268,sakuraich21,Mon Feb 01 13:32:55 +0000 2021
147,"NintendoSwitchのマイクラ実況に用意したもの
格安のキャプチャボード一工夫すれば実用できる
Macでも使えるし実はすごいアイテム

HDMI キャプチャーボード ゲームキャプチャー USB3.0 
OBS Studio… https://t.co/0n39bEHA1j",1356233238004396038,sakuraich21,Mon Feb 01 13:29:36 +0000 2021
148,"パパ動画編集中

さくら「このパソコンなに？」
マック

さくら「マックでパソコン買ったんｗ」
いや、そのマックじゃない",1356205302404661250,sakuraich21,Mon Feb 01 11:38:35 +0000 2021
